Tên thủ tục,Link
"Thu hồi giấy chứng nhận đăng ký, biển số xe thực hiện bằng dịch vụ công trực tuyến một phần hoặc trực tiếp tại cơ quan đăng ký xe thực hiện tại cấp trung ương, cấp tỉnh, cấp xã",https://dichvucong.bocongan.gov.vn/bocongan/bothutuc/tthc?matt=62012
Đăng ký xe lần đầu trực tuyến toàn trình đối với xe nhập khẩu,https://dichvucong.bocongan.gov.vn/bocongan/bothutuc/tthc?matt=58712
Đăng ký xe lần đầu trực tuyến toàn trình đối với xe sản xuất lắp ráp trong nước,https://dichvucong.bocongan.gov.vn/bocongan/bothutuc/tthc?matt=56952
Cấp hộ chiếu phổ thông ở trong nước (thực hiện tại cấp trung ương),https://dichvucong.bocongan.gov.vn/bocongan/bothutuc/tthc?matt=26270
Cấp hộ chiếu phổ thông ở trong nước (thực hiện tại cấp tỉnh),https://dichvucong.bocongan.gov.vn/bocongan/bothutuc/tthc?matt=29497
"Cấp mới Giấy chứng nhận đủ điều kiện về an ninh, trật tự (thực hiện tại cấp Trung ương)",https://dichvucong.bocongan.gov.vn/bocongan/bothutuc/tthc?matt=26113
"Cấp mới Giấy chứng nhận đủ điều kiện về an ninh, trật tự (thực hiện tại cấp tỉnh)",https://dichvucong.bocongan.gov.vn/bocongan/bothutuc/tthc?matt=40857
"Cấp thị thực điện tử theo đề nghị của cơ quan, tổ chức",https://dichvucong.bocongan.gov.vn/bocongan/bothutuc/tthc?matt=26276
Cấp thị thực điện tử theo đề nghị của người nước ngoài,https://dichvucong.bocongan.gov.vn/bocongan/bothutuc/tthc?matt=26277
Đăng ký lại mẫu con dấu (thực hiện tại cấp tỉnh),https://dichvucong.bocongan.gov.vn/bocongan/bothutuc/tthc?matt=40853
Đăng ký thêm con dấu (thực hiện tại cấp tỉnh),https://dichvucong.bocongan.gov.vn/bocongan/bothutuc/tthc?matt=40854
"Cấp đổi Giấy chứng nhận đủ điều kiện về an ninh, trật tự (thực hiện tại cấp Trung ương)",https://dichvucong.bocongan.gov.vn/bocongan/bothutuc/tthc?matt=26593
"Đăng ký dấu nổi, dấu thu nhỏ, dấu xi (thực hiện tại cấp tỉnh)",https://dichvucong.bocongan.gov.vn/bocongan/bothutuc/tthc?matt=40855
Cấp lại thẻ căn cước (thực hiện tại cấp tỉnh),https://dichvucong.bocongan.gov.vn/bocongan/bothutuc/tthc?matt=26093
"Cấp đổi Giấy chứng nhận đủ điều kiện về an ninh, trật tự (thực hiện tại cấp tỉnh)",https://dichvucong.bocongan.gov.vn/bocongan/bothutuc/tthc?matt=40839
"Đổi, cấp lại Giấy chứng nhận đăng ký mẫu con dấu (thực hiện tại cấp tỉnh)",https://dichvucong.bocongan.gov.vn/bocongan/bothutuc/tthc?matt=40856
Cấp lại thẻ căn cước (thực hiện tại cấp trung ương),https://dichvucong.bocongan.gov.vn/bocongan/bothutuc/tthc?matt=26096
"Cấp lại Giấy chứng nhận đủ điều kiện về an ninh, trật tự (thực hiện tại cấp trung ương)",https://dichvucong.bocongan.gov.vn/bocongan/bothutuc/tthc?matt=26116
Gia hạn tạm trú,https://dichvucong.bocongan.gov.vn/bocongan/bothutuc/tthc?matt=26345
Cấp Giấy phép trang bị vũ khí thể thao thực hiện tại Cục,https://dichvucong.bocongan.gov.vn/bocongan/bothutuc/tthc?matt=26216
Cấp đổi thẻ căn cước (thực hiện tại cấp tỉnh),https://dichvucong.bocongan.gov.vn/bocongan/bothutuc/tthc?matt=26094
Thông báo lưu trú,https://dichvucong.bocongan.gov.vn/bocongan/bothutuc/tthc?matt=26346
"Đăng ký, cấp biển số xe lần đầu thực hiện tại Cục",https://dichvucong.bocongan.gov.vn/bocongan/bothutuc/tthc?matt=26131
Cấp đổi thẻ căn cước (thực hiện tại cấp trung ương),https://dichvucong.bocongan.gov.vn/bocongan/bothutuc/tthc?matt=26099
"Cấp lại Giấy chứng nhận đủ điều kiện về an ninh, trật tự (thực hiện tại cấp tỉnh)",https://dichvucong.bocongan.gov.vn/bocongan/bothutuc/tthc?matt=40838
Xóa đăng ký thường trú,https://dichvucong.bocongan.gov.vn/bocongan/bothutuc/tthc?matt=26348
Đăng ký mẫu con dấu mới (thực hiện tại cấp tỉnh),https://dichvucong.bocongan.gov.vn/bocongan/bothutuc/tthc?matt=40852
Cấp thẻ Căn cước cho người từ đủ 14 tuổi trở lên thực hiện tại Công an cấp tỉnh,https://dichvucong.bocongan.gov.vn/bocongan/bothutuc/tthc?matt=26052
"Cấp Giấy phép trang bị, giấy phép sử dụng vũ khí, công cụ hỗ trợ để triển lãm, trưng bày hoặc làm đạo cụ trong hoạt động văn hóa, nghệ thuật thực hiện tại Công an cấp tỉnh",https://dichvucong.bocongan.gov.vn/bocongan/bothutuc/tthc?matt=26756
Cấp Giấy phép vận chuyển tiền chất thuốc nổ thực hiện tại Công an cấp tỉnh,https://dichvucong.bocongan.gov.vn/bocongan/bothutuc/tthc?matt=26772
Cấp thẻ căn cước cho người từ đủ 14 tuổi trở lên (thực hiện tại cấp trung ương),https://dichvucong.bocongan.gov.vn/bocongan/bothutuc/tthc?matt=26054
"Cấp đổi Giấy chứng nhận đủ điều kiện về an ninh, trật tự (thực hiện tại Công an cấp xã)",https://dichvucong.bocongan.gov.vn/bocongan/bothutuc/tthc?matt=64168
"Đề nghị xác nhận tình trạng vũ khí, công cụ hỗ trợ đã mất tính năng, tác dụng được sử dụng để triển lãm, trưng bày hoặc làm đạo cụ trong hoạt động văn hóa, nghệ thuật thực hiện tại Công an cấp tỉnh",https://dichvucong.bocongan.gov.vn/bocongan/bothutuc/tthc?matt=26757
"Cấp lại Giấy chứng nhận đủ điều kiện về an ninh, trật tự (thực hiện tại Công an cấp xã)",https://dichvucong.bocongan.gov.vn/bocongan/bothutuc/tthc?matt=64229
Khai báo tạm vắng,https://dichvucong.bocongan.gov.vn/bocongan/bothutuc/tthc?matt=26351
"Cấp mới Giấy chứng nhận đủ điều kiện về an ninh, trật tự (thực hiện tại cấp xã)",https://dichvucong.bocongan.gov.vn/bocongan/bothutuc/tthc?matt=64207
Đăng ký tạm trú,https://dichvucong.bocongan.gov.vn/bocongan/bothutuc/tthc?matt=26356
Khai báo tạm trú cho người nước ngoài tại Việt Nam qua Trang thông tin điện tử,https://dichvucong.bocongan.gov.vn/bocongan/bothutuc/tthc?matt=26265
"Thủ tục: Kiểm tra, xét duyệt nhân sự, cấp phép nhập cảnh cho người nước ngoài nhập cảnh vào Việt Nam qua giao dịch điện tử tại Cổng thông tin điện tử về xuất nhập cảnh",https://dichvucong.bocongan.gov.vn/bocongan/bothutuc/tthc?matt=26692
Xét duyệt nhân sự cấp phép nhập cảnh cho người nước ngoài nhập cảnh vào Việt Nam theo điều ước quốc tế mà Việt Nam là thành viên nhưng chưa có hiện diện thương mại hoặc đối tác tại Việt Nam,https://dichvucong.bocongan.gov.vn/bocongan/bothutuc/tthc?matt=26496
Đăng ký thường trú,https://dichvucong.bocongan.gov.vn/bocongan/bothutuc/tthc?matt=26360
"Cấp giấy miễn thị thực cho người Việt Nam định cư ở nước ngoài và người nước ngoài là vợ, chồng, con của người Việt Nam định cư ở nước ngoài hoặc của công dân Việt Nam",https://dichvucong.bocongan.gov.vn/bocongan/bothutuc/tthc?matt=26279
"Cấp lại giấy miễn thị thực tại Cục Quản lý xuất nhập cảnh, Bộ Công an",https://dichvucong.bocongan.gov.vn/bocongan/bothutuc/tthc?matt=26249
Gia hạn tạm trú cho người đã được cấp giấy miễn thị thực tại Cục Quản lý xuất nhập cảnh Bộ Công an,https://dichvucong.bocongan.gov.vn/bocongan/bothutuc/tthc?matt=26248
"Gia hạn tạm trú cho người đã được cấp giấy miễn thị thực tại Phòng Quản lý xuất nhập cảnh Công an tỉnh, thành phố trực thuộc Trung ương",https://dichvucong.bocongan.gov.vn/bocongan/bothutuc/tthc?matt=35700
Điều chỉnh Giấy phép vận chuyển vật liệu nổ công nghiệp thực hiện tại Công an cấp tỉnh,https://dichvucong.bocongan.gov.vn/bocongan/bothutuc/tthc?matt=26754
"Cấp Giấy phép xuất khẩu, nhập khẩu công cụ hỗ trợ thực hiện tại Cục",https://dichvucong.bocongan.gov.vn/bocongan/bothutuc/tthc?matt=26238
Cấp giấy phép xuất nhập cảnh cho người không quốc tịch cư trú tại Việt Nam,https://dichvucong.bocongan.gov.vn/bocongan/bothutuc/tthc?matt=26247
Cấp lại Giấy phép kinh doanh công cụ hỗ trợ thực hiện tại Cục,https://dichvucong.bocongan.gov.vn/bocongan/bothutuc/tthc?matt=26240
Cấp lại giấy phép xuất nhập cảnh cho người không quốc tịch cư trú tại Việt Nam,https://dichvucong.bocongan.gov.vn/bocongan/bothutuc/tthc?matt=26245
"Thủ tục cấp giấy phép xuất nhập cảnh cho người không quốc tịch cư trú tại Việt Nam tại Phòng Quản lý xuất nhập cảnh Công an tỉnh, thành phố trực thuộc Trung ương",https://dichvucong.bocongan.gov.vn/bocongan/bothutuc/tthc?matt=35699
Trình báo mất giấy thông hành (thực hiện tại cấp tỉnh),https://dichvucong.bocongan.gov.vn/bocongan/bothutuc/tthc?matt=35694
Trình báo mất giấy thông hành (thực hiện tại cấp xã),https://dichvucong.bocongan.gov.vn/bocongan/bothutuc/tthc?matt=64187
Trình báo mất hộ chiếu phổ thông (thực hiện tại cấp trung ương),https://dichvucong.bocongan.gov.vn/bocongan/bothutuc/tthc?matt=26256
Trình báo mất hộ chiếu phổ thông (thực hiện tại cấp tỉnh),https://dichvucong.bocongan.gov.vn/bocongan/bothutuc/tthc?matt=35714
Trình báo mất hộ chiếu phổ thông (thực hiện tại cấp xã),https://dichvucong.bocongan.gov.vn/bocongan/bothutuc/tthc?matt=64227
Trình báo mất thẻ ABTC (thực hiện tại cấp trung ương),https://dichvucong.bocongan.gov.vn/bocongan/bothutuc/tthc?matt=26269
Cấp thẻ căn cước cho người dưới 14 tuổi (thực hiện tại cấp tỉnh),https://dichvucong.bocongan.gov.vn/bocongan/bothutuc/tthc?matt=57013
"Cấp xác nhận số chứng minh nhân dân 09 số, số định danh cá nhân (thực hiện tại cấp trung ương)",https://dichvucong.bocongan.gov.vn/bocongan/bothutuc/tthc?matt=26053
"Cấp xác nhận số chứng minh nhân dân 09 số, số định danh cá nhân (thực hiện tại cấp tỉnh)",https://dichvucong.bocongan.gov.vn/bocongan/bothutuc/tthc?matt=26092
"Đăng ký sang tên, di chuyển xe tại Cục",https://dichvucong.bocongan.gov.vn/bocongan/bothutuc/tthc?matt=26130
Cấp Giấy phép vận chuyển vật liệu nổ công nghiệp thực hiện tại Công an cấp tỉnh,https://dichvucong.bocongan.gov.vn/bocongan/bothutuc/tthc?matt=26760
"Cấp đổi chứng nhận đăng ký xe, biển số xe thực hiện tại Cục",https://dichvucong.bocongan.gov.vn/bocongan/bothutuc/tthc?matt=26123
"Cấp lại chứng nhận đăng ký xe, biển số xe thực hiện tại Cục",https://dichvucong.bocongan.gov.vn/bocongan/bothutuc/tthc?matt=26122
Nộp phạt quyết định xử phạt vi phạm hành chính trong lĩnh vực giao thông,https://dichvucong.bocongan.gov.vn/bocongan/bothutuc/tthc?matt=26612
Đăng ký xe tạm thời thực hiện tại Cục,https://dichvucong.bocongan.gov.vn/bocongan/bothutuc/tthc?matt=26126
"Thu hồi chứng nhận đăng ký xe, biển số xe thực hiện tại Cục",https://dichvucong.bocongan.gov.vn/bocongan/bothutuc/tthc?matt=26125
"Đăng ký, cấp biển số xe lần đầu thực hiện tại Công an cấp tỉnh",https://dichvucong.bocongan.gov.vn/bocongan/bothutuc/tthc?matt=39372
"Đăng ký sang tên, di chuyển xe thực hiện tại Công an cấp tỉnh",https://dichvucong.bocongan.gov.vn/bocongan/bothutuc/tthc?matt=43474
"Cấp đổi chứng nhận đăng ký xe, biển số xe thực hiện tại Công an cấp tỉnh",https://dichvucong.bocongan.gov.vn/bocongan/bothutuc/tthc?matt=43492
"Cấp lại giấy chứng nhận đăng ký xe, biển số xe tại Công an cấp tỉnh",https://dichvucong.bocongan.gov.vn/bocongan/bothutuc/tthc?matt=43475
Đăng ký xe tạm thời thực hiện tại Công an cấp tỉnh,https://dichvucong.bocongan.gov.vn/bocongan/bothutuc/tthc?matt=43472
"Thu hồi chứng nhận đăng ký xe, biển số xe thực hiện tại Công an cấp tỉnh",https://dichvucong.bocongan.gov.vn/bocongan/bothutuc/tthc?matt=43493
"Thông báo khai báo vũ khí thô sơ là hiện vật trưng bày, triển lãm, đồ gia bảo",https://dichvucong.bocongan.gov.vn/bocongan/bothutuc/tthc?matt=64230
Cấp Giấy phép vận chuyển vật liệu nổ công nghiệp tại Cục Cảnh sát quản lý hành chính về trật tự xã hội - Bộ Công an,https://dichvucong.bocongan.gov.vn/bocongan/bothutuc/tthc?matt=26318
Cấp giấy phép vận chuyển pháo hoa để kinh doanh tại Cục Cảnh sát quản lý hành chính về trật tự xã hội - Bộ Công an,https://dichvucong.bocongan.gov.vn/bocongan/bothutuc/tthc?matt=26472
Cấp giấy phép mua pháo hoa để kinh doanh tại Cục Cảnh sát quản lý hành chính về trật tự xã hội - Bộ Công an,https://dichvucong.bocongan.gov.vn/bocongan/bothutuc/tthc?matt=26454
"Đăng ký, cấp biển số xe lần đầu thực hiện tại Công an cấp xã được phân cấp đăng ký xe",https://dichvucong.bocongan.gov.vn/bocongan/bothutuc/tthc?matt=64188
"Cấp Giấy phép xuất khẩu pháo hoa, thuốc pháo hoa tại Cục Cảnh sát quản lý hành chính về trật tự xã hội - Bộ Công an",https://dichvucong.bocongan.gov.vn/bocongan/bothutuc/tthc?matt=26455
"Đăng ký sang tên, di chuyển xe thực hiện tại Công an cấp xã được phân cấp đăng ký xe",https://dichvucong.bocongan.gov.vn/bocongan/bothutuc/tthc?matt=64208
"Cấp giấy phép nhập khẩu pháo hoa, thuốc pháo hoa tại Cục Cảnh sát quản lý hành chính về trật tự xã hội - Bộ Công an",https://dichvucong.bocongan.gov.vn/bocongan/bothutuc/tthc?matt=26473
"Cấp đổi chứng nhận đăng ký xe, biển số xe thực hiện tại Công an cấp xã được phân cấp đăng ký xe",https://dichvucong.bocongan.gov.vn/bocongan/bothutuc/tthc?matt=64209
"Cấp lại chứng nhận đăng ký xe, biển số xe thực hiện tại Công an xã được phân cấp đăng ký xe",https://dichvucong.bocongan.gov.vn/bocongan/bothutuc/tthc?matt=64189
Đăng ký xe tạm thời thực hiện tại Công an cấp xã được phân cấp đăng ký xe,https://dichvucong.bocongan.gov.vn/bocongan/bothutuc/tthc?matt=64169
"Thu hồi chứng nhận đăng ký xe, biển số xe thực hiện tại Công an cấp xã được phân cấp đăng ký xe",https://dichvucong.bocongan.gov.vn/bocongan/bothutuc/tthc?matt=64190
Cấp Giấy phép trang bị công cụ hỗ trợ thực hiện tại Cục,https://dichvucong.bocongan.gov.vn/bocongan/bothutuc/tthc?matt=26224
Cấp giấy phép sử dụng thiết bị phát tín hiệu của xe được quyền ưu tiên hiện tại Công an cấp Tỉnh,https://dichvucong.bocongan.gov.vn/bocongan/bothutuc/tthc?matt=26134
Cấp giấy phép sử dụng thiết bị phát tín hiệu của xe ưu tiên thực hiện tại cấp Cục,https://dichvucong.bocongan.gov.vn/bocongan/bothutuc/tthc?matt=26124
Đăng ký lại mẫu con dấu (thực hiện tại cấp trung ương),https://dichvucong.bocongan.gov.vn/bocongan/bothutuc/tthc?matt=26333
Điều chỉnh Giấy phép vận chuyển tiền chất thuốc nổ thực hiện tại Cục,https://dichvucong.bocongan.gov.vn/bocongan/bothutuc/tthc?matt=26312
Đăng ký thêm con dấu (thực hiện tại cấp trung ương),https://dichvucong.bocongan.gov.vn/bocongan/bothutuc/tthc?matt=26335
Cấp Giấy phép sửa chữa công cụ hỗ trợ thực hiện tại Cục,https://dichvucong.bocongan.gov.vn/bocongan/bothutuc/tthc?matt=26297
Cấp lại Giấy phép sử dụng vũ khí thể thao thực hiện tại Cục,https://dichvucong.bocongan.gov.vn/bocongan/bothutuc/tthc?matt=26321
Cấp Giấy phép sử dụng công cụ hỗ trợ thực hiện tại Cục,https://dichvucong.bocongan.gov.vn/bocongan/bothutuc/tthc?matt=26432
"Cấp lại giấy chứng nhận sử dụng vũ khí, vật liệu nổ quân dụng, công cụ hỗ trợ; chứng chỉ quản lý kho, nơi cất giữ vũ khí, vật liệu nổ quân dụng, công cụ hỗ trợ thực hiện tại Công an cấp tỉnh",https://dichvucong.bocongan.gov.vn/bocongan/bothutuc/tthc?matt=58852
"Cấp lại giấy chứng nhận sử dụng vũ khí, vật liệu nổ quân dụng, công cụ hỗ trợ; chứng chỉ quản lý kho, nơi cất giữ vũ khí, vật liệu nổ quân dụng, công cụ hỗ trợ thực hiện tại Cục",https://dichvucong.bocongan.gov.vn/bocongan/bothutuc/tthc?matt=58832
Đăng ký khai báo công cụ hỗ trợ thực hiện tại Cục,https://dichvucong.bocongan.gov.vn/bocongan/bothutuc/tthc?matt=58795
"Đề nghị đào tạo, huấn luyện về quản lý, sử dụng vũ khí, vật liệu nổ quân dụng, công cụ hỗ trợ và cấp, cấp đổi giấy chứng nhận sử dụng vũ khí, vật liệu nổ quân dụng, công cụ hỗ trợ; chứng chỉ quản lý kho, nơi cất giữ vũ khí, vật liệu nổ quân dụng, công cụ hỗ trợ thực hiện tại Công an cấp tỉnh",https://dichvucong.bocongan.gov.vn/bocongan/bothutuc/tthc?matt=58796
"Đề nghị đào tạo, huấn luyện về quản lý, sử dụng vũ khí, vật liệu nổ quân dụng, công cụ hỗ trợ và cấp, cấp đổi giấy chứng nhận sử dụng vũ khí, vật liệu nổ quân dụng, công cụ hỗ trợ; chứng chỉ quản lý kho, nơi cất giữ vũ khí, vật liệu nổ quân dụng, công cụ hỗ trợ thực hiện tại Cục",https://dichvucong.bocongan.gov.vn/bocongan/bothutuc/tthc?matt=58715
"Đăng ký dấu nổi, dấu thu nhỏ, dấu xi (thực hiện tại cấp trung ương)",https://dichvucong.bocongan.gov.vn/bocongan/bothutuc/tthc?matt=26336
Đăng ký khai báo công cụ hỗ trợ thực hiện tại Công an cấp tỉnh,https://dichvucong.bocongan.gov.vn/bocongan/bothutuc/tthc?matt=58812
Điều chỉnh Giấy phép vận chuyển vật liệu nổ công nghiệp thực hiện tại Cục,https://dichvucong.bocongan.gov.vn/bocongan/bothutuc/tthc?matt=26316
Cấp Giấy phép sử dụng vũ khí thể thao thực hiện tại Cục,https://dichvucong.bocongan.gov.vn/bocongan/bothutuc/tthc?matt=26205
"Đề nghị làm mất tính năng, tác dụng của vũ khí, công cụ hỗ trợ được sử dụng để triển lãm, trưng bày hoặc làm đạo cụ trong hoạt động văn hóa, nghệ thuật thực hiện tại Cục",https://dichvucong.bocongan.gov.vn/bocongan/bothutuc/tthc?matt=26290
"Cấp giấy chứng nhận cơ sở đủ điều kiện đào tạo, huấn luyện nghiệp vụ nhân viên an ninh hàng không",https://dichvucong.bocongan.gov.vn/bocongan/bothutuc/tthc?matt=61595
Cấp Giấy phép kinh doanh công cụ hỗ trợ thực hiện tại Cục,https://dichvucong.bocongan.gov.vn/bocongan/bothutuc/tthc?matt=26241
Cấp Giấy phép mua công cụ hỗ trợ thực hiện tại Cục,https://dichvucong.bocongan.gov.vn/bocongan/bothutuc/tthc?matt=26208
Cấp lại Giấy phép sử dụng công cụ hỗ trợ thực hiện tại Cục,https://dichvucong.bocongan.gov.vn/bocongan/bothutuc/tthc?matt=26273
"Đề nghị xác nhận tình trạng vũ khí, công cụ hỗ trợ đã mất tính năng, tác dụng được sử dụng để triển lãm, trưng bày hoặc làm đạo cụ trong hoạt động văn hóa, nghệ thuật thực hiện tại Cục",https://dichvucong.bocongan.gov.vn/bocongan/bothutuc/tthc?matt=26282
Cấp lại thẻ ABTC,https://dichvucong.bocongan.gov.vn/bocongan/bothutuc/tthc?matt=26246
"Cấp thẻ tạm trú cho người nước ngoài tại Cục Quản lý xuất nhập cảnh, Bộ Công an",https://dichvucong.bocongan.gov.vn/bocongan/bothutuc/tthc?matt=26285
Cấp thẻ tạm trú cho người nước ngoài tại Việt Nam tại Công an cấp tỉnh,https://dichvucong.bocongan.gov.vn/bocongan/bothutuc/tthc?matt=52392
Cấp thị thực cho người nước ngoài tại Việt Nam (thực hiện tại cấp Trung ương),https://dichvucong.bocongan.gov.vn/bocongan/bothutuc/tthc?matt=26284
Cấp thị thực cho người nước ngoài tại Việt Nam (thực hiện tại cấp tỉnh),https://dichvucong.bocongan.gov.vn/bocongan/bothutuc/tthc?matt=35697
Gia hạn tạm trú cho người nước ngoài tại Việt Nam (thực hiện tại cấp Trung ương),https://dichvucong.bocongan.gov.vn/bocongan/bothutuc/tthc?matt=26283
Gia hạn tạm trú cho người nước ngoài tại Việt Nam (thực hiện tại cấp tỉnh),https://dichvucong.bocongan.gov.vn/bocongan/bothutuc/tthc?matt=35696
Khôi phục giá trị sử dụng hộ chiếu phổ thông (thực hiện tại cấp trung ương),https://dichvucong.bocongan.gov.vn/bocongan/bothutuc/tthc?matt=26690
Khôi phục giá trị sử dụng hộ chiếu phổ thông (thực hiện tại cấp tỉnh),https://dichvucong.bocongan.gov.vn/bocongan/bothutuc/tthc?matt=35692
"Xác nhận, cung cấp thông tin liên quan đến xuất nhập cảnh của công dân Việt Nam",https://dichvucong.bocongan.gov.vn/bocongan/bothutuc/tthc?matt=26513
"Cấp Giấy phép trang bị, giấy phép sử dụng vũ khí, công cụ hỗ trợ để triển lãm, trưng bày hoặc làm đạo cụ trong hoạt động văn hóa, nghệ thuật thực hiện tại Cục",https://dichvucong.bocongan.gov.vn/bocongan/bothutuc/tthc?matt=26291
Cấp Giấy phép vận chuyển công cụ hỗ trợ thực hiện tại Cục,https://dichvucong.bocongan.gov.vn/bocongan/bothutuc/tthc?matt=26313
Cấp Giấy phép sử dụng công cụ hỗ trợ thực hiện tại Công an cấp tỉnh,https://dichvucong.bocongan.gov.vn/bocongan/bothutuc/tthc?matt=26785
Cấp Giấy phép sửa chữa công cụ hỗ trợ thực hiện tại Công an cấp tỉnh,https://dichvucong.bocongan.gov.vn/bocongan/bothutuc/tthc?matt=26775
Cấp Giấy phép trang bị công cụ hỗ trợ thực hiện tại Công an cấp tỉnh,https://dichvucong.bocongan.gov.vn/bocongan/bothutuc/tthc?matt=26784
Cấp Giấy phép vận chuyển tiền chất thuốc nổ tại Cục Cảnh sát quản lý hành chính về trật tự xã hội - Bộ Công an,https://dichvucong.bocongan.gov.vn/bocongan/bothutuc/tthc?matt=26314
Cấp lại Giấy phép sử dụng công cụ hỗ trợ thực hiện tại Công an cấp tỉnh,https://dichvucong.bocongan.gov.vn/bocongan/bothutuc/tthc?matt=26787
Cấp lại Giấy phép sử dụng vũ khí thể thao thực hiện tại Công an cấp tỉnh,https://dichvucong.bocongan.gov.vn/bocongan/bothutuc/tthc?matt=26782
"Đổi, cấp lại Giấy chứng nhận đăng ký mẫu con dấu (thực hiện tại cấp trung ương)",https://dichvucong.bocongan.gov.vn/bocongan/bothutuc/tthc?matt=26330
Cấp Giấy chứng nhận tên định danh (Brandname),https://dichvucong.bocongan.gov.vn/bocongan/bothutuc/tthc?matt=61475
"Cấp Giấy phép cung cấp dịch vụ bảo đảm an ninh hàng không tại cảng hàng không, sân bay",https://dichvucong.bocongan.gov.vn/bocongan/bothutuc/tthc?matt=61556
"Cấp Giấy phép lưu thông phương tiện phòng cháy, chữa cháy, cứu nạn, cứu hộ.",https://dichvucong.bocongan.gov.vn/bocongan/bothutuc/tthc?matt=120752
"Cấp Giấy phép nhập khẩu pháo hoa nổ, thuốc pháo nổ và thiết bị, phụ kiện bắn pháo hoa nổ tại Cục Cảnh sát quản lý hành chính về trật tự xã hội - Bộ Công an",https://dichvucong.bocongan.gov.vn/bocongan/bothutuc/tthc?matt=26672
Cấp Giấy phép nhập khẩu sản phẩm an toàn thông tin,https://dichvucong.bocongan.gov.vn/bocongan/bothutuc/tthc?matt=61472
Cấp Giấy phép sử dụng vũ khí thể thao thực hiện tại Công an cấp tỉnh,https://dichvucong.bocongan.gov.vn/bocongan/bothutuc/tthc?matt=26796
Cấp Giấy phép trang bị vũ khí thể thao thực hiện tại Công an cấp tỉnh,https://dichvucong.bocongan.gov.vn/bocongan/bothutuc/tthc?matt=36432
Cấp Giấy phép vận chuyển công cụ hỗ trợ thực hiện tại Công an cấp tỉnh,https://dichvucong.bocongan.gov.vn/bocongan/bothutuc/tthc?matt=26793
Cấp Giấy phép vận chuyển pháo hoa để kinh doanh (thực hiện tại cấp tỉnh),https://dichvucong.bocongan.gov.vn/bocongan/bothutuc/tthc?matt=54712
"Cấp Giấy phép xuất khẩu pháo hoa nổ, thuốc pháo nổ và thiết bị, phụ kiện bắn pháo hoa nổ tại Cục Cảnh sát quản lý hành chính về trật tự xã hội - Bộ Công an",https://dichvucong.bocongan.gov.vn/bocongan/bothutuc/tthc?matt=26673
Cấp giấy chứng nhận kiểm định phương tiện phòng cháy và chữa cháy,https://dichvucong.bocongan.gov.vn/bocongan/bothutuc/tthc?matt=64167
"Cấp giấy phép kinh doanh sản phẩm, dịch vụ an toàn thông tin mạng (trường hợp cấp phép, kinh doanh dịch vụ kiểm tra, đánh giá an toàn thông tin hoặc dịch vụ bảo mật thông tin không sử dụng mật mã dân sự)",https://dichvucong.bocongan.gov.vn/bocongan/bothutuc/tthc?matt=61532
"Cấp giấy phép kinh doanh sản phẩm, dịch vụ an toàn thông tin mạng (trừ trường hợp cấp phép, kinh doanh dịch vụ kiểm tra, đánh giá an toàn thông tin hoặc dịch vụ bảo mật thông tin không sử dụng mật mã dân sự)",https://dichvucong.bocongan.gov.vn/bocongan/bothutuc/tthc?matt=61512
"Cấp giấy phép kiểm soát an ninh cảng hàng không, sân bay có giá trị sử dụng ngắn hạn",https://dichvucong.bocongan.gov.vn/bocongan/bothutuc/tthc?matt=61613
"Cấp giấy phép kiểm soát an ninh cảng hàng không, sân bay có giá trị sử dụng ngắn hạn (thực hiện tại cấp tỉnh)",https://dichvucong.bocongan.gov.vn/bocongan/bothutuc/tthc?matt=61583
"Cấp giấy phép, gia hạn, bổ sung, phục hồi năng định nhân viên kiểm soát an ninh hàng không",https://dichvucong.bocongan.gov.vn/bocongan/bothutuc/tthc?matt=61575
Cấp lại Giấy chứng nhận tên định danh,https://dichvucong.bocongan.gov.vn/bocongan/bothutuc/tthc?matt=61533
"Cấp lại Giấy phép cung cấp dịch vụ bảo đảm an ninh hàng không tại cảng hàng không, sân bay",https://dichvucong.bocongan.gov.vn/bocongan/bothutuc/tthc?matt=61574
"Cấp lại Giấy phép kinh doanh sản phẩm, dịch vụ an toàn thông tin mạng",https://dichvucong.bocongan.gov.vn/bocongan/bothutuc/tthc?matt=61494
"Cấp lại giấy chứng nhận cơ sở đủ điều kiện đào tạo, huấn luyện nghiệp vụ nhân viên an ninh hàng không",https://dichvucong.bocongan.gov.vn/bocongan/bothutuc/tthc?matt=61594
"Cấp lại giấy phép kiểm soát an ninh cảng hàng không, sân bay có giá trị sử dụng dài hạn",https://dichvucong.bocongan.gov.vn/bocongan/bothutuc/tthc?matt=61597
"Cấp lại giấy phép kiểm soát an ninh cảng hàng không, sân bay có giá trị sử dụng dài hạn (thực hiện tại cấp tỉnh)",https://dichvucong.bocongan.gov.vn/bocongan/bothutuc/tthc?matt=61582
Cấp lại giấy phép nhập khẩu sản phẩm an toàn thông tin,https://dichvucong.bocongan.gov.vn/bocongan/bothutuc/tthc?matt=61492
"Cấp lại thẻ kiểm soát an ninh cảng hàng không, sân bay có giá trị sử dụng dài hạn",https://dichvucong.bocongan.gov.vn/bocongan/bothutuc/tthc?matt=61579
"Cấp lại thẻ kiểm soát an ninh cảng hàng không, sân bay có giá trị sử dụng dài hạn (thực hiện tại cấp tỉnh)",https://dichvucong.bocongan.gov.vn/bocongan/bothutuc/tthc?matt=61632
"Cấp mới giấy phép kiểm soát an ninh cảng hàng không, sân bay có giá trị sử dụng dài hạn",https://dichvucong.bocongan.gov.vn/bocongan/bothutuc/tthc?matt=61577
"Cấp mới giấy phép kiểm soát an ninh cảng hàng không, sân bay có giá trị sử dụng dài hạn (thực hiện tại cấp tỉnh)",https://dichvucong.bocongan.gov.vn/bocongan/bothutuc/tthc?matt=61672
"Cấp mới thẻ kiểm soát an ninh cảng hàng không, sân bay có giá trị sử dụng dài hạn",https://dichvucong.bocongan.gov.vn/bocongan/bothutuc/tthc?matt=61580
"Cấp mới thẻ kiểm soát an ninh cảng hàng không, sân bay có giá trị sử dụng dài hạn (thực hiện tại cấp tỉnh)",https://dichvucong.bocongan.gov.vn/bocongan/bothutuc/tthc?matt=61581
"Cấp phiếu lý lịch tư pháp cho công dân Việt Nam, người nước ngoài đang cư trú tại Việt Nam thực hiện tại Công an cấp tỉnh",https://dichvucong.bocongan.gov.vn/bocongan/bothutuc/tthc?matt=61555
"Cấp thẻ kiểm soát an ninh cảng hàng không, sân bay có giá trị sử dụng ngắn hạn",https://dichvucong.bocongan.gov.vn/bocongan/bothutuc/tthc?matt=61615
"Cấp thẻ kiểm soát an ninh cảng hàng không, sân bay có giá trị sử dụng ngắn hạn (thực hiện tại cấp tỉnh)",https://dichvucong.bocongan.gov.vn/bocongan/bothutuc/tthc?matt=61652
Gia hạn Giấy chứng nhận tên định danh,https://dichvucong.bocongan.gov.vn/bocongan/bothutuc/tthc?matt=61474
"Gia hạn Giấy phép kinh doanh sản phẩm, dịch vụ an toàn thông tin mạng",https://dichvucong.bocongan.gov.vn/bocongan/bothutuc/tthc?matt=61473
"Khai báo thông tin về cư trú đối với người chưa đủ điều kiện đăng ký thường trú, đăng ký tạm trú",https://dichvucong.bocongan.gov.vn/bocongan/bothutuc/tthc?matt=26492
Kiểm tra công tác nghiệm thu về phòng cháy chữa cháy - Thực hiện tại cấp Trung ương,https://dichvucong.bocongan.gov.vn/bocongan/bothutuc/tthc?matt=120751
Kiểm tra công tác nghiệm thu về phòng cháy chữa cháy - Thực hiện tại cấp Tỉnh,https://dichvucong.bocongan.gov.vn/bocongan/bothutuc/tthc?matt=64233
"Nghiệm thu về phòng cháy chữa cháy (đối với dự án đầu tư xây dựng công trình, công trình, phương tiện giao thông đã được cơ quan Công an cấp Giấy chứng nhận thẩm duyệt thiết kế về phòng cháy và chữa cháy mà chưa được chấp thuận kết quả nghiệm thu) - Thực hiện tại cấp Trung ương",https://dichvucong.bocongan.gov.vn/bocongan/bothutuc/tthc?matt=64221
"Nghiệm thu về phòng cháy chữa cháy (đối với dự án đầu tư xây dựng công trình, công trình, phương tiện giao thông đã được cơ quan Công an cấp Giấy chứng nhận thẩm duyệt thiết kế về phòng cháy và chữa cháy mà chưa được chấp thuận kết quả nghiệm thu) - Thực hiện tại cấp Tỉnh",https://dichvucong.bocongan.gov.vn/bocongan/bothutuc/tthc?matt=117347
"Phê duyệt chương trình, quy chế an ninh hàng không, chấp thuận chương trình an ninh hàng không hãng hàng không nước ngoài",https://dichvucong.bocongan.gov.vn/bocongan/bothutuc/tthc?matt=61614
"Phục hồi hoạt động của cơ sở, phương tiện giao thông cơ giới, hộ gia đình và cá nhân (cấp tỉnh)",https://dichvucong.bocongan.gov.vn/bocongan/bothutuc/tthc?matt=120750
"Sửa đổi, bổ sung Giấy phép kinh doanh sản phẩm, dịch vụ an toàn thông tin mạng",https://dichvucong.bocongan.gov.vn/bocongan/bothutuc/tthc?matt=61493
"Sửa đổi, bổ sung chương trình an ninh, quy chế an ninh hàng không",https://dichvucong.bocongan.gov.vn/bocongan/bothutuc/tthc?matt=61596
"Thẩm duyệt thiết kế về phòng cháy và chữa cháy (trường hợp điều chỉnh thiết kế trong quá trình thi công đối với dự án đầu tư xây dựng công trình, công trình, phương tiện giao thông đã được cơ quan Công an cấp Giấy chứng nhận thẩm duyệt thiết kế về phòng cháy và chữa cháy mà chưa được chấp thuận kết quả nghiệm thu) - Thực hiện tại cấp Trung ương",https://dichvucong.bocongan.gov.vn/bocongan/bothutuc/tthc?matt=64222
"Thẩm duyệt thiết kế về phòng cháy và chữa cháy (trường hợp điều chỉnh thiết kế trong quá trình thi công đối với dự án đầu tư xây dựng công trình, công trình, phương tiện giao thông đã được cơ quan Công an cấp Giấy chứng nhận thẩm duyệt thiết kế về phòng cháy và chữa cháy mà chưa được chấp thuận kết quả nghiệm thu) - Thực hiện tại cấp Tỉnh",https://dichvucong.bocongan.gov.vn/bocongan/bothutuc/tthc?matt=64232
Thẩm định thiết kế về phòng cháy chữa cháy - Thực hiện tại cấp Trung ương,https://dichvucong.bocongan.gov.vn/bocongan/bothutuc/tthc?matt=64234
Thẩm định thiết kế về phòng cháy chữa cháy - Thực hiện tại cấp Tỉnh,https://dichvucong.bocongan.gov.vn/bocongan/bothutuc/tthc?matt=117346
Tách hộ,https://dichvucong.bocongan.gov.vn/bocongan/bothutuc/tthc?matt=26499
Xác nhận thông tin về cư trú,https://dichvucong.bocongan.gov.vn/bocongan/bothutuc/tthc?matt=26497
Xóa đăng ký tạm trú,https://dichvucong.bocongan.gov.vn/bocongan/bothutuc/tthc?matt=26552
Điều chỉnh Giấy phép vận chuyển tiền chất thuốc nổ thực hiện tại Công an cấp tỉnh,https://dichvucong.bocongan.gov.vn/bocongan/bothutuc/tthc?matt=26795
Điều chỉnh thông tin về cư trú trong Cơ sở dữ liệu về cư trú,https://dichvucong.bocongan.gov.vn/bocongan/bothutuc/tthc?matt=26498
Đăng ký mẫu con dấu mới (thực hiện tại cấp trung ương),https://dichvucong.bocongan.gov.vn/bocongan/bothutuc/tthc?matt=26340
"Đề nghị làm mất tính năng, tác dụng của vũ khí, công cụ hỗ trợ được sử dụng để triển lãm, trưng bày hoặc làm đạo cụ trong hoạt động văn hóa, nghệ thuật thực hiện tại Công an cấp tỉnh",https://dichvucong.bocongan.gov.vn/bocongan/bothutuc/tthc?matt=26794
Cấp giấy xác nhận đủ điều kiện kinh doanh dịch vụ phòng cháy và chữa cháy (thực hiện tại cấp tỉnh),https://dichvucong.bocongan.gov.vn/bocongan/bothutuc/tthc?matt=26572
Khai báo tạm trú cho người nước ngoài tại Việt Nam bằng Phiếu khai báo tạm trú,https://dichvucong.bocongan.gov.vn/bocongan/bothutuc/tthc?matt=26244
Cấp đổi thẻ thường trú cho người nước ngoài tại Việt Nam tại Công an cấp tỉnh,https://dichvucong.bocongan.gov.vn/bocongan/bothutuc/tthc?matt=26253
Cấp thẻ thường trú cho người nước ngoài tại Việt Nam (thực hiện tại cấp tinh),https://dichvucong.bocongan.gov.vn/bocongan/bothutuc/tthc?matt=26255
"Cấp giấy thông hành biên giới cho cán bộ, công chức, viên chức, công nhân sang Campuchia tại Công an cấp tỉnh biên giới tiếp giáp với Campuchia",https://dichvucong.bocongan.gov.vn/bocongan/bothutuc/tthc?matt=26261
"Cấp giấy phép đến các tỉnh, thành phố của Việt Nam cho công dân Lào nhập cảnh bằng Giấy thông hành biên giới tại Công an cấp tỉnh",https://dichvucong.bocongan.gov.vn/bocongan/bothutuc/tthc?matt=26262
Cấp giấy thông hành biên giới cho công dân Việt Nam có hộ khẩu thường trú ở tỉnh có chung đường biên giới với Lào,https://dichvucong.bocongan.gov.vn/bocongan/bothutuc/tthc?matt=26264
"Cấp giấy thông hành biên giới Việt Nam – Lào cho công dân Việt Nam làm việc trong các cơ quan, tổ chức, doanh nghiệp có trụ sở tại tỉnh có chung đường biên giới với Lào",https://dichvucong.bocongan.gov.vn/bocongan/bothutuc/tthc?matt=26263
"Cấp giấy thông hành xuất, nhập cảnh vùng biên giới cho công dân Việt Nam thường trú tại các xã, phường, thị trấn tiếp giáp đường biên giới Việt Nam – Trung Quốc ở Công an cấp xã",https://dichvucong.bocongan.gov.vn/bocongan/bothutuc/tthc?matt=26278
"Kiểm tra, xét duyệt nhân sự, cấp phép nhập cảnh cho người nước ngoài, người Việt Nam định cư ở nước ngoài nhập cảnh vào Việt Nam tại Cục Quản lý xuất nhập cảnh, Bộ Công an",https://dichvucong.bocongan.gov.vn/bocongan/bothutuc/tthc?matt=26287
"Cấp giấy thông hành nhập, xuất cảnh cho công dân Việt Nam sang du lịch các tỉnh, thành phố biên giới Trung Quốc tiếp giáp với Việt Nam tại Công an cấp tỉnh",https://dichvucong.bocongan.gov.vn/bocongan/bothutuc/tthc?matt=26289
Cấp giấy chứng nhận về nước cho nạn nhân là công dân Việt Nam bị mua bán ra nước ngoài tại Công an cấp tỉnh,https://dichvucong.bocongan.gov.vn/bocongan/bothutuc/tthc?matt=26365
Cấp Giấy xác nhận nhân sự của công dân Việt Nam ở nước ngoài (thực hiện tại cấp Trung ương),https://dichvucong.bocongan.gov.vn/bocongan/bothutuc/tthc?matt=26254
"Cấp giấy phép vào khu vực cấm, khu vực biên giới cho người nước ngoài tại Công an cấp tỉnh",https://dichvucong.bocongan.gov.vn/bocongan/bothutuc/tthc?matt=26251
Cấp lại thẻ thường trú cho người nước ngoài tại Việt Nam tại Công an cấp tỉnh,https://dichvucong.bocongan.gov.vn/bocongan/bothutuc/tthc?matt=26252
Trình báo mất thẻ ABTC (thực hiện tại cấp tỉnh),https://dichvucong.bocongan.gov.vn/bocongan/bothutuc/tthc?matt=54713
